{
	"revision":"nihongo_no_sensei_v_1.04 ;2022-07-03;embedded urls, p of speech indicators(N5-N0)",
	"url":"https://github.com/aiko-tanaka/Grammar-Dictionaries/",
	"description":"term bank 1 contains N1, bank 2 N2, etc...中国の大学で日本語教師をしています。日本語教育能力検定試験の解説、対策講座、中国での生活や授業、日本語の文法の説明をしています。",
	"attribution":"nihongo_no_sensei\n https://nihongonosensei.net/?page_id=10246",
	"title":"毎日のんびり日本語教師",
	"format":3,
	"sequenced":true,
	"author":"nihongobongo"
}