{
	"revision":"edewakaru_v1.03; 2022-09-01",
	"url":"https://github.com/aiko-tanaka/Grammar-Dictionaries/",
	"description":"日本語文法・自動詞他動詞・口語形・間違えやすい日本語・擬音語・擬態語などを「絵」で説明します。日本語を勉強している人のためのブログです.",
	"attribution":"https://www.edewakaru.com/archives/cat_179055.html",
	"title":"絵でわかる日本語",
	"format":3,
	"sequenced":true,
	"author":"nihongobongo"
}