[
    [
        "すぎです",
        "すぎです",
        "・〜すぎです",
        "",
        0,
        [
            {
                "type": "structured-content",
                "content": [
                    "【   【JLPTに出ない？】文法・例文：～すぎです   】\n\n\n[意味]\n 非常に〜だ。\n 程度が水準を超えていることを表す。\n\n[接続]\n V（ます形）ます + すぎです。\n\n[JLPT レベル]\n ？\n\n[備考]\n 自分自身には使わない。話し手が聞き手に対して使う。\n 助言や警告する時に使うことが多い。\n\n\n例文\n醤油かけすぎですよ。\nYou put too much soy sauce on it.\nタバコ吸いすぎですよ。\nYou smoke too much.\nお酒の飲みすぎですよ。\nYou drink too much alcohol.\nえ！コーヒーに砂糖３杯は入れすぎですよ。\nWhat? Three sugars in your coffee is too much.\nお菓子ばかり食べすぎよ。あとで晩御飯食べられなくても知らないから。\nYou're eating too many sweets. I won’t care if you can't finish your dinner later.\n\n \n (adsbygoogle = window.adsbygoogle || []).push({});\n\n",
                    {
                        "tag": "a",
                        "href": "https://nihongokyoshi-net.com/2019/09/01/jlptn0-grammar-sugidesu/",
                        "content": "nihongo kyoushi link"
                    }
                ]
            }
        ],
        0,
        "日本語NETーJLPTに出ない？文型"
    ],
    [
        "でも",
        "でも",
        "・〜でも",
        "",
        0,
        [
            {
                "type": "structured-content",
                "content": [
                    "【   【JLPTに出ない？】文法・例文：～でも   】\n\n\n[意味]\n ～か、何か\nいくつかある選択肢の中から、１つ例を取り上げていう言い方。\n\n[接続]\n N + でも\n\n[JLPT レベル]\n ？\n\n\n例文\n\n",
                    {
                        "tag": "a",
                        "href": "https://nihongokyoshi-net.com/2018/12/09/jlptn0-grammar-demo/",
                        "content": "nihongo kyoushi link"
                    }
                ]
            }
        ],
        0,
        "日本語NETーJLPTに出ない？文型"
    ],
    [
        "づらい",
        "づらい",
        "・〜づらい",
        "adj-i",
        0,
        [
            {
                "type": "structured-content",
                "content": [
                    "【   【JLPTに出ない？】文法・例文：～づらい   】\n\n\n[意味]\n 〜するのが難しい\n「〜にくい」と似た意味を持つが、「～辛い」という漢字から来ていることから「精神的、肉体的に負担に思う」という時に使う。よって、以下のように自然現象と関連する動詞を使うことはできない。\n例：この紙袋、丈夫で破れづらいよ。\n\n[英訳]\n difficult to do something\n\n[接続]\n V（ます形）+ づらい\n\n[JLPT レベル]\n ?\n\n\n例文\n・このハンバーガー、大きすぎるし、形が崩れやすいし、食べづらいね。\n・１２月で会社を辞めようと思っているんだけど、何だか言いづらいなぁ。\n・昨日買った靴、デザインは気に入ってるんだけど、ちょっと歩きづらいのがね・・・。\n・最近のスマホって、いろんな機能がついていて、僕には使いづらいなぁ。\n・新聞の文字って小さいから読みづらいよ。\n・さっき始まったセールの影響で、ウェブサイトにアクセスしづらくなってる。\n\n\n類似文型\n【JLPT N4】文法・例文：〜にくい\n【JLPT N2】文法・例文：〜がたい\n",
                    {
                        "tag": "a",
                        "href": "https://nihongokyoshi-net.com/2019/02/18/jlptn0-grammar-durai/",
                        "content": "nihongo kyoushi link"
                    }
                ]
            }
        ],
        0,
        "日本語NETーJLPTに出ない？文型"
    ],
    [
        "並み",
        "なみ",
        "・〜並み",
        "",
        0,
        [
            {
                "type": "structured-content",
                "content": [
                    "【   【JLPTに出ない？】文法・例文：～並み   】\n\n\n[意味]\n 〜程度 / 〜と同じぐらい\n程度が同じぐらいであることを表す。\n\n[接続]\n N + 並み\n\n[JLPT レベル]\n ？\n\n[備考]\n 慣用表現としても使われることが多い。\n月並み：あふれていて新鮮味がないこと。平凡なこと\n 軒並み：多くの家が並んでいること\n お手並み：腕前や力量\n\n\n例文\n\n",
                    {
                        "tag": "a",
                        "href": "https://nihongokyoshi-net.com/2019/12/17/jlptn0-grammar-nami/",
                        "content": "nihongo kyoushi link"
                    }
                ]
            }
        ],
        0,
        "日本語NETーJLPTに出ない？文型"
    ],
    [
        "にかけても",
        "にかけても",
        "・〜にかけても",
        "",
        0,
        [
            {
                "type": "structured-content",
                "content": [
                    "【   【JLPTに出ない？】文法・例文：～にかけても   】\n\n\n[意味]\n \"〜にかかわるとしても\"\n 「もし失敗したら〜を失う覚悟ができている」という話し手の強い態度を表す。\n\n[接続]\n N + にかけても\n Nには「命、名誉、誇り」など価値の高いものが来る。\n\n[JLPT レベル]\n N3\n\n[備考]\n ①「賭ける」という言葉から来ている\n ②「〜かけても」の「も」は省略することができる。\n\n\n例文\n・命にかけても、彼女を守ります。\n・我が社の名誉にかけても、このプロジェクトは成功させる必要がある。\n・我がチームの誇りにかけて、今日の試合には絶対に負けられない。\n・警視庁の威信にかけても、必ず犯人を逮捕してみせる。\n・我が社の信用にかけて、責任をもって対応させていただきます。\n\n",
                    {
                        "tag": "a",
                        "href": "https://nihongokyoshi-net.com/2019/11/06/jlptn0-grammar-nikaketemo/",
                        "content": "nihongo kyoushi link"
                    }
                ]
            }
        ],
        0,
        "日本語NETーJLPTに出ない？文型"
    ],
    [
        "まくる",
        "まくる",
        "・〜まくる",
        "v5",
        0,
        [
            {
                "type": "structured-content",
                "content": [
                    "【   【JLPTに出ない？】文法・例文：～まくる   】\n\n\n[意味]\n とてもたくさん～する\n 動作をたくさん繰り返したり、継続する様子。\n\n[英訳]\n \"do very much\"\n Expressed to repeat or continue an action a lot.\n\n[接続]\n V（ます形） + まくる\n\n[JLPT レベル]\n ？\n\n",
                    {
                        "tag": "a",
                        "href": "https://nihongokyoshi-net.com/2019/05/23/jlptn0-grammar-makuru/",
                        "content": "nihongo kyoushi link"
                    }
                ]
            }
        ],
        0,
        "日本語NETーJLPTに出ない？文型"
    ],
    [
        "やつ",
        "やつ",
        "・〜やつ",
        "",
        0,
        [
            {
                "type": "structured-content",
                "content": [
                    "【   【JLPTに出ない？】文法・例文：～やつ   】\n\n\n[意味]\n 〜というもの\n物を詳しく説明するときに使う表現。\n カジュアルな言い方。\n\n[接続]\n 文 + やつ\n\n[JLPT レベル]\n ？\n\n\n例文\nA：日本語の辞書を探してるんだけど、何かおすすめある？\n B：これなんかどう？\n A：うーん、アクセントが書かれているやつが欲しいんだけど。\nA: I'm looking for a Japanese dictionary, do you have any suggestions?\n B: How about this one?\n A: Hmmm, I need one with accents on it.\nA：このコートいいんじゃない。\n B：そうだね。でも、もう少しゆったりしたやつが欲しいなあ。\nA: I think this coat is good.\n B: Yes, it is. But I'd like something a little more loose.\nA：あの曲って何っていう名前だっけ？\n B：あれって、どれ？\n A：あれだよ、あれ。えーっと、最近若い人に人気があって、よくCMで流れているやつ。\nA: What's the name of that song again?\n B: Which one is that?\n A: That one, that one. It's popular among young people these days, and is often shown in commercials.\nもっと大きめのやつないの？\nIsn't there a bigger one?\n\n \n (adsbygoogle = window.adsbygoogle || []).push({});\nこの文型が登場する教科書\n",
                    {
                        "tag": "a",
                        "href": "https://nihongokyoshi-net.com/2020/01/02/jlptn0-grammar-yatsu/",
                        "content": "nihongo kyoushi link"
                    }
                ]
            }
        ],
        0,
        "日本語NETーJLPTに出ない？文型"
    ]
]