[
    [
        "あとで",
        "あとで",
        "・〜あとで",
        "",
        0,
        [
            {
                "type": "structured-content",
                "content": [
                    "【   【JLPT N5】文法・例文：〜あとで   】\n\n\n[意味]\n 〜してから\n 前件の事柄が後件の事柄より先に起こること表す。\n\n[英訳]\n \"after\"\n \n\n[接続]\n V（タ形) + あとで\n N + のあとで\n\n[JLPT レベル]\n N5\n\n\n例文\n1. 動詞文図書館で宿題をしたあとで、帰ります。\nAfter doing my homework at the library, I will go home.\n今から少し練習したあとで、前で発表してもらいます。\nAfter you have practiced a little, I will ask you to make a presentation in front of the class.\n電車に乗ったあとで、学校に忘れ物をしたことに気がつきました。\nAfter getting on the train, I realized that I forgot something at school.\nアニメを見たあとで、お風呂に入ります。\nAfter watching anime, I'm going to take a bath.\nスマホで写真を撮ったあとで、少し色を変えたり、サイズを変えたりします。\nAfter taking a picture with my phone, I change the color and the size a little.\n\n \n (adsbygoogle = window.adsbygoogle || []).push({});\n2. 名詞文授業のあとで、カラオケ行かない？\nDo you want to go to karaoke after class?\nご飯のあとで、シャワーを浴びます。\nI'll shower after dinner.\n仕事のあとで、飲みに行きませんか。\nLet's go for a drink after work.\n映画のあとで、ちょっとカフェでもどう？\nAfter the movie, do you want to go to a cafe?\n飲み会のあとで、同僚とラーメン屋に行った。\nI went to a ramen shop with my colleagues after a drinking party.\n\n \n (adsbygoogle = window.adsbygoogle || []).push({});\n「〜てから」と「〜あとで」の違い以下を参照\nfa-arrow-circle-rightみん日34課「〜あとで 」この文型が登場する教科書みんなの日本語　第３４課  みんなの日本語 初級II 第2版 本冊 Amazon 楽天市場 Yahooショッピング 紀伊國屋書店できる日本語 初中級　第５課：大変な一日  できる日本語 初中級 本冊 Kindle Amazon 楽天市場 Yahooショッピング 紀伊國屋書店\n",
                    {
                        "tag": "a",
                        "href": "https://nihongokyoshi-net.com/2019/12/18/jlptn5-grammar-atode/",
                        "content": "nihongo kyoushi link"
                    }
                ]
            }
        ],
        0,
        "日本語NETーN5文法"
    ],
    [
        "がいちばん",
        "がいちばん",
        "・〜がいちばん",
        "",
        0,
        [
            {
                "type": "structured-content",
                "content": [
                    "【   【JLPT N5】文法・例文：〜がいちばん   】\n\n\n[意味]\n \n 比較する全てのもの（３つ以上）の中で、最も程度が高いことを表す。\n \n\n[英訳]\n \"the best\"\n Indicates the highest degree of all (three or more) that are compared.\n\n[接続]\n N + がいちばん\n\n[JLPT レベル]\n N5\n\n[備考]\n 比較するものが２つだけの時は「AはBより〜です」の文型を使う。\n\n",
                    {
                        "tag": "a",
                        "href": "https://nihongokyoshi-net.com/2020/02/26/jlptn5-grammar-gaichiban/",
                        "content": "nihongo kyoushi link"
                    }
                ]
            }
        ],
        0,
        "日本語NETーN5文法"
    ],
    [
        "方",
        "かた",
        "・〜方",
        "",
        0,
        [
            {
                "type": "structured-content",
                "content": [
                    "【   【JLPT N5】文法・例文：〜方（かた）   】\n\n\n[意味]\n 〜をする方法\n\n[英訳]\n The way of doing something / how to do\n\n[接続]\n V(ます形)ます + 方\n\n[JLPT レベル]\n N5\n\n\n例文\n泳ぎ方を教えていただけませんか。\nCould you please teach me how to swim?\nATMの使い方を教えていただけませんか。\nCan you teach me how to use an ATM?\nこの漢字の読み方を教えてください。\nPlease tell me how to read this kanji.\nおいしい料理の作り方を母に習いました。\nMy mother taught me how to make delicious curry.\nあの先生の教え方はとてもわかりやすいです。\nThat teacher's way of teaching is very easy to understand.\n箸の使い方が上手ですね。\nYou are good at using chopsticks, aren't you?\nAAAデパートへの行き方を教えていただけませんか。\nCan you tell me how to get to the AAA department store?\nアンジェラさんの走り方はとてもかわいいです。\nAngela’s running style is very cute.\n切符の買い方がわかりません。\nI don't know how to buy a train ticket.\n肉じゃがの作り方が知りたいです。\nI want to know how to cook nikujaga.\n\n \n (adsbygoogle = window.adsbygoogle || []).push({});\nこの文型が登場する教科書げんき２ 初級日本語：第２３課  GENKI: An Integrated Course in Elementary Japanese II [Third Edition] 初級日本語げんき[第3版] IIJapan Times Amazon 楽天市場 Yahooショッピングげんき２ 初級日本語　第２３課2017.12.18使用教材 げんき2　初級日本語 GENKI: An Integrated Course in Elementary Japanese II 初級日本語 げんき II posted with カエレバ 坂野 永理,池田 庸子,大野 裕,品川 恭子,渡嘉敷 恭子 ジャパンタイムズ 2011-09-30 ...\n\n類似文型\nげんき２ 初級日本語　第２３課\n",
                    {
                        "tag": "a",
                        "href": "https://nihongokyoshi-net.com/2018/04/12/jlptn5-grammar-kata/",
                        "content": "nihongo kyoushi link"
                    }
                ]
            }
        ],
        0,
        "日本語NETーN5文法"
    ],
    [
        "が欲しい",
        "がほしい",
        "・〜が欲しい",
        "adj-i",
        0,
        [
            {
                "type": "structured-content",
                "content": [
                    "【   【JLPT N5】文法・例文：〜が欲しい   】\n\n\n[意味]\n \n 話し手の願望や希望などを表す文型。\n \n\n[英訳]\n \"want\"\n Expresses the speaker's desires or hopes.\n\n[接続]\n N + が欲しい\n\n[JLPT レベル]\n N5\n\n[備考]\n 第三人称（彼、彼女など）の願望・希望は、表せない。\n 目上の人に「〜欲しいですか」は使えない（使うと失礼）。\n \n\n\n例文\nもっとお金が欲しいです。\nI want more money.\n彼女が欲しいです。\nI want a girlfriend.\nMac Book Proが欲しいです。\nI want a Mac Book Pro.\nもっと休みが欲しいです。\nI want more time off.\n先生、あと５分欲しいです。\nTeacher, I want five more minutes.\nあ〜、どこでもドアが欲しい。\nOh, I want an “Anywhere door”.\n誕生日に何が欲しいですか。\nWhat do you want for your birthday?\n今、何が欲しいですか。\nWhat do you want now?\nジェームスさんはどれが欲しいですか。\nWhich one do you want, James?\nトムさんはどんな車が欲しいですか。\nWhat kind of car do you want, Tom?\n時間とお金とどちらが欲しいですか。\nWhich do you want more, time or money?\n\n \n (adsbygoogle = window.adsbygoogle || []).push({});\n\n",
                    {
                        "tag": "a",
                        "href": "https://nihongokyoshi-net.com/2020/02/12/jlptn5-grammar-gahoshii/",
                        "content": "nihongo kyoushi link"
                    }
                ]
            }
        ],
        0,
        "日本語NETーN5文法"
    ],
    [
        "ぜひ",
        "ぜひ",
        "・ぜひ",
        "",
        0,
        [
            {
                "type": "structured-content",
                "content": [
                    "【   【JLPT N5】文法・例文：ぜひ   】\n\n\n[意味]\n \n 依頼や願望を強調して言う表現。\n \n\n[英訳]\n \"by all means / really\"\n An expression that emphasizes a request or desire.\n\n[JLPT レベル]\n N5\n\n[備考]\n ① 否定文と一緒には基本的に使わない。\n 例：ぜひ来ないでください。\n② 人の行為に対して使うため、自然現象には使えない。\n 例：明日は嫌いな運動会だから、ぜひ雨が降って欲しい。\n\n\n例文\nぜひ、今度うちへ遊びにきてください。\nPlease do come and visit us sometime.\n東京に来るときは、ぜひ連絡ください。\nPlease do contact me when you come to Tokyo.\n週末、パーティーをするので、ぜひ来てください。\nWe are having a party on the weekend, so please do come.\n彼女は結婚しても仕事を続けたいと言っているので、ぜひ続けてほしい。\nShe says she wants to continue working after marriage, so I hope she will.\nA：今度、一緒に京都へ行きませんか。色々な場所を案内しますよ。\n B：はい、ぜひ行きたいです。\nA: Would you like to go to Kyoto with me next time? I will show you many places.\n B: Yes, I'd love to go.\nA：一緒に映画を見に行きませんか。トムさんとジェームスさんも行きます。\n B：はい、ぜひ一緒に見に行きたいです。\nA: Why don't we go see a movie together? Tom and James will be there too.\n B: Yes, I'd love to go see a movie with you.\n\n \n (adsbygoogle = window.adsbygoogle || []).push({});\n\n",
                    {
                        "tag": "a",
                        "href": "https://nihongokyoshi-net.com/2019/09/23/jlptn5-grammar-zehi/",
                        "content": "nihongo kyoushi link"
                    }
                ]
            }
        ],
        0,
        "日本語NETーN5文法"
    ],
    [
        "で",
        "で",
        "・〜で（手段・方法）",
        "",
        0,
        [
            {
                "type": "structured-content",
                "content": [
                    "【   【JLPT N５】文法・例文：〜で（手段・方法）   】\n\n\n[意味]\n 手段・方法を表す。\n\n[英訳]\n \"by\"\n Indicates methods or means\n\n[JLPT レベル]\n N5\n\n\n類似文型\n〜で（手段・方法）\n",
                    {
                        "tag": "a",
                        "href": "https://nihongokyoshi-net.com/2019/08/13/jlptn5-grammar-de/",
                        "content": "nihongo kyoushi link"
                    }
                ]
            }
        ],
        0,
        "日本語NETーN5文法"
    ],
    [
        "てから",
        "てから",
        "・〜てから",
        "",
        0,
        [
            {
                "type": "structured-content",
                "content": [
                    "【   【JLPT N5】文法・例文：〜てから   】\n\n\n[意味]\n \n XてからY：Xを先に行い、それが終わったらYを行う。\n \n\n[英訳]\n \"and then / after\"\n This expresses that X is done before Y.\n\n[接続]\n V（て形）+ から\n\n[JLPT レベル]\n N5\n\n[備考]\n 「後文の事柄が起こる条件として、まず前文の事柄が起こる必要がある」というニュアンスがある。\n\n\n例文\n・手を洗ってからご飯を食べます。\n・洗濯してから、部屋を掃除します。\n・靴を脱いでから、入ってください。\n・ご飯を食べてから、薬を飲んでください。\n・歯を磨いてから寝ます。\n・家に帰ってから、ご飯を食べます。\n・お金を入れてからボタンを押してください。\n・手を洗ってから、料理をしましょう。\n・宿題をしてから、寝ます。\n・テレビを見てから、勉強します。\n・日本に来てから、たくさん日本人の友達ができました。\n・飛行機が止まってから、席を立ってください。\n・先に食券を買ってから、席に座ってください。\n\n\n類似文型\n〜てから\n【JLPT N5】文法・例文：〜あとで\n【JLPT N２】文法・例文：〜上で\n",
                    {
                        "tag": "a",
                        "href": "https://nihongokyoshi-net.com/2020/08/16/jlptn5-grammar-tekara/",
                        "content": "nihongo kyoushi link"
                    }
                ]
            }
        ],
        0,
        "日本語NETーN5文法"
    ],
    [
        "てはいけない",
        "てはいけない",
        "・〜てはいけない",
        "adj-i",
        0,
        [
            {
                "type": "structured-content",
                "content": [
                    "【   【JLPT N5】文法・例文：〜てはいけない   】\n\n\n[意味]\n \n 禁止や規制を表す。\n \n\n[英訳]\n \"must not\"\n Indicates a prohibition or regulation.\n\n[接続]\n V(て形) + はいけない。\n\n[JLPT レベル]\n N5\n\n[備考]\n 話し言葉は「ちゃいけない」や「じゃいけない」となる。\n\n\n例文\nこの川で泳いではいけません。\nYou must not swim in this river.\n授業中に携帯電話を使ってはいけません。\nYou must not use your cell phone in class.\n図書館でうるさくしてはいけません。\nYou must not be noisy in the library.\nこの美術館では絵に触ってはいけません。\nYou must not touch the pictures in this museum.\nここでタバコを吸ってはいけませんよ。\nYou must not smoke here.\n２０歳未満の人はお酒を飲んだり、タバコを吸ってはいけません。\nYou must not drink alcohol or smoke if you are under 20 years old.\n廊下を走ってはいけませんよ。\nYou must not run in the hallway.\nこれは笑ってはいけないゲームです。\nThis is a game where you must not laugh.\nこの学校では髪を染めてはいけません。\nYou must not dye your hair in this school.\nこの学校ではスカートを短くしてはいけません。\nYou must not wear short skirts in this school.\n\n \n (adsbygoogle = window.adsbygoogle || []).push({});\n\n\n類似文型\n【教案】みんなの日本語初級１：第１５課\n",
                    {
                        "tag": "a",
                        "href": "https://nihongokyoshi-net.com/2019/05/07/jlptn5-grammar-tewaikemasen/",
                        "content": "nihongo kyoushi link"
                    }
                ]
            }
        ],
        0,
        "日本語NETーN5文法"
    ],
    [
        "てはいく",
        "てはいけない",
        "・〜てはいけない",
        "v5",
        0,
        [
            {
                "type": "structured-content",
                "content": [
                    "【   【JLPT N5】文法・例文：〜てはいけない   】\n\n\n[意味]\n \n 禁止や規制を表す。\n \n\n[英訳]\n \"must not\"\n Indicates a prohibition or regulation.\n\n[接続]\n V(て形) + はいけない。\n\n[JLPT レベル]\n N5\n\n[備考]\n 話し言葉は「ちゃいけない」や「じゃいけない」となる。\n\n\n例文\nこの川で泳いではいけません。\nYou must not swim in this river.\n授業中に携帯電話を使ってはいけません。\nYou must not use your cell phone in class.\n図書館でうるさくしてはいけません。\nYou must not be noisy in the library.\nこの美術館では絵に触ってはいけません。\nYou must not touch the pictures in this museum.\nここでタバコを吸ってはいけませんよ。\nYou must not smoke here.\n２０歳未満の人はお酒を飲んだり、タバコを吸ってはいけません。\nYou must not drink alcohol or smoke if you are under 20 years old.\n廊下を走ってはいけませんよ。\nYou must not run in the hallway.\nこれは笑ってはいけないゲームです。\nThis is a game where you must not laugh.\nこの学校では髪を染めてはいけません。\nYou must not dye your hair in this school.\nこの学校ではスカートを短くしてはいけません。\nYou must not wear short skirts in this school.\n\n \n (adsbygoogle = window.adsbygoogle || []).push({});\n\n\n類似文型\n【教案】みんなの日本語初級１：第１５課\n",
                    {
                        "tag": "a",
                        "href": "https://nihongokyoshi-net.com/2019/05/07/jlptn5-grammar-tewaikemasen/",
                        "content": "nihongo kyoushi link"
                    }
                ]
            }
        ],
        0,
        "日本語NETーN5文法"
    ],
    [
        "てもいいですか",
        "てもいいですか",
        "・〜てもいいですか",
        "",
        0,
        [
            {
                "type": "structured-content",
                "content": [
                    "【   【JLPT N5】文法・例文：〜てもいいですか   】\n\n\n[意味]\n \n 許可を求める時に使う表現\n \n\n[英訳]\n May I 〜? / Can I 〜?\n Used for asking permission to do something.\n\n[接続]\n V(て形) + てもいいですか\nのむ →　のんでもいいですか\n たべる → たべてもいいですか\n みる → みてもいいですか\n\n[JLPT レベル]\n N5\n\n\n例文\nちょっと寒いので、エアコンを消してもいいですか。\nIt's a little cold,  can I turn off the air conditioner?\n部屋が少し暗いので、電気をつけてもいいですか。\nThe room is a little dark, can I turn on the light?\n先生、すみません。トイレに言ってもいいですか。\nExcuse me, teacher. May I go to the restroom?\n（友達の家で）あ、これトムさんの卒業アルバム？ちょっと、見てもいい？\nAt a friend's house： Oh, is this Tom's graduation album? May I see it?\n（電話で）先生、熱があるんです。今日、休んでもいいですか。\nOn the phone： Teacher, I have a fever. May I take a day off today?\n先生、テストの時、辞書を使ってもいいですか。\nTeacher, May I use the dictionary during the test?\nすみません。消しゴムを忘れてしまったので、ちょっと借りてもいいですか。\nExcuse me. I forgot my eraser, can I borrow yours?\n今日、妻の誕生日なので早めに帰ってもいいですか。\nIt's my wife's birthday today, may I go home early?\nこのコピー機は学生が使ってもいいですか。\nIs it okay for students to use this copier?\nここに座ってもいいですか。\nCan I sit here?\nもう帰ってもいいですか。\nCan I go home now?\nこの服、試着してみてもいいですか。\nCan I try on these clothes?\n\n \n (adsbygoogle = window.adsbygoogle || []).push({});\n\n\n類似文型\n〜てもいいですか\n【教案】みんなの日本語初級１：第１５課\n",
                    {
                        "tag": "a",
                        "href": "https://nihongokyoshi-net.com/2019/02/23/jlptn5-grammar-temoiidesuka/",
                        "content": "nihongo kyoushi link"
                    }
                ]
            }
        ],
        0,
        "日本語NETーN5文法"
    ],
    [
        "どうやって",
        "どうやって",
        "・〜どうやって",
        "",
        0,
        [
            {
                "type": "structured-content",
                "content": [
                    "【   【JLPT N5】文法・例文：どうやって   】\n\n\n[意味]\n \n 方法を尋ねる表現。\n\n[英訳]\n This is used to ask the way how to do it.\n \n\n[JLPT レベル]\n N5\n\n",
                    {
                        "tag": "a",
                        "href": "https://nihongokyoshi-net.com/2020/02/28/jlptn5-grammar-douyatte/",
                        "content": "nihongo kyoushi link"
                    }
                ]
            }
        ],
        0,
        "日本語NETーN5文法"
    ],
    [
        "と思う",
        "とおもう",
        "・〜と思う",
        "v5",
        0,
        [
            {
                "type": "structured-content",
                "content": [
                    "【   【JLPT N5】文法・例文：〜と思う   】\n\n\n[意味]\n 意見を述べたり、推測したことを述べる表現。\n\n[英訳]\n I think\nThis is used to express the speaker’s conjecture or used when saying an opinion.\n\n[接続]\n V（普通形） + と思う\n イA（普通形） + と思う\n ナA（普通形） + と思う\n N（普通形） + と思う\n \n\n[JLPT レベル]\n N5\n\n\n例文\n1. 動詞文・今日は午後から雨が降ると思います。\n・トムさんはあとで来ると思います。\n・たぶん、キムさんは納豆が嫌いだと思います。\n・ジェシカさんには彼氏がいると思います。\n・来年は海外留学していると思います。\n・１０年後は結婚して、幸せに暮らしていると思います。\n・この問題、テストに出ると思いますか。\n・先生、それは昨日やったと思います。\n・もう先生は帰ったと思います。\n・今夜の飲み会には行かないと思います。\n2. イ形容詞文・食べ過ぎは体によくないと思います。\n・まだ熱いと思うから、気をつけて食べて。\n・この人は若いと思いますか。\n・ひらがなよりカタカナのほうが難しいと思います。\n・Androidよりi-phoneのほうがいいと思います。\n・日本の物価は高いと思いますか。\n3. ナ形容詞文・このキャラクタ〜は有名だと思っていたんですが、知らないんですか。\n・日本のコンビニは私の国のコンビニより便利だと思います。\n・ジェームさんは彼女ができて、幸せだと思います。\n4. 名詞文・この人は何歳だと思いますか。\n・僕の彼女はどんな人だと思いますか、\nこの文型が登場する教科書みんなの日本語　第２１課  みんなの日本語 初級I 第2版 本冊 Amazon 楽天市場 Yahooショッピング 紀伊國屋書店まるごと 日本のことばと文化 初級１ A2 りかい 第１８課  Marugoto: Japanese language and culture Elementary1 A2 Coursebook for communicative language competences \"Rikai\" / まるごと 日本のことばと文化 初級1 A2 りかい (JF Standard coursebook / JF日本語教育スタンダード準拠コースブック) Amazon 楽天市場 Yahooショッピング\n",
                    {
                        "tag": "a",
                        "href": "https://nihongokyoshi-net.com/2020/02/02/jlptn5-grammar-toomou/",
                        "content": "nihongo kyoushi link"
                    }
                ]
            }
        ],
        0,
        "日本語NETーN5文法"
    ],
    [
        "とても",
        "とても",
        "・とても〜ない",
        "",
        0,
        [
            {
                "type": "structured-content",
                "content": [
                    "【   【JLPTに出ない？】文法・例文：とても〜ない   】\n\n\n[意味]\n 〜できない / 絶対に無理だ\n\n[接続]\n とても + V（ナイ形）\n\n[JLPT レベル]\n ?\n\n\n例文\n・彼女がせっかく作ってくれた料理をまずいだなんて、とても言えない。\n・たくさんあって、とても食べきれない。\n・日本語の文字がびっしり詰まった本なんで、私にはとても読めません。\n・明日までに、１０ページ分の漢字を全部覚えるなんてとてもできない。\n・今の気持ちはとても言葉では言い表せません。\n\n",
                    {
                        "tag": "a",
                        "href": "https://nihongokyoshi-net.com/2019/05/30/jlptn0-grammar-totemo-nai/",
                        "content": "nihongo kyoushi link"
                    }
                ]
            }
        ],
        0,
        "日本語NETーJLPTに出ない？文型"
    ],
    [
        "どんな",
        "どんな",
        "・どんな",
        "",
        0,
        [
            {
                "type": "structured-content",
                "content": [
                    "【   【JLPT N5】文法・例文：どんな   】\n\n\n[意味]\n \n 人や物、場所の特徴について尋ねる文型\n \n\n[英訳]\n \"what kind of / what sort of\"\n Used when you ask about the state or the character of a person, thing, etc.\n\n[接続]\n どんな + N\n\n[JLPT レベル]\n N5\n\n",
                    {
                        "tag": "a",
                        "href": "https://nihongokyoshi-net.com/2020/02/20/jlptn5-grammar-donna/",
                        "content": "nihongo kyoushi link"
                    }
                ]
            }
        ],
        0,
        "日本語NETーN5文法"
    ],
    [
        "たい",
        "たい",
        "・〜たい",
        "adj-i",
        0,
        [
            {
                "type": "structured-content",
                "content": [
                    "【   【JLPT N5】文法・例文：〜たい   】\n\n\n[意味]\n \n 行為の欲求や希望などを表す文型。\n \n\n[英訳]\n \"want to do\"\n Used to express the speaker’s desire to do something.\n\n[接続]\n V(ます形)ます + たい\n\n[JLPT レベル]\n N5\n\n[備考]\n 第三人称（彼、彼女など）のしたいことを言う時は、この文型は使えない。\n 目上の人に「〜たいですか」は使えない（使うと失礼）。\n い形容詞と同じように活用する。\n → 行きたいです / 行きたくないです / 行きたかったです / 行きたくなかったです\nThis sentence pattern cannot be used to describe what the third person (he, she, etc.) wants to do. If you use this sentence pattern to a superior/senior person, it is rude. So it’ better not to use it to them.\n\n\n例文\n夏休みは海に行きたいです。\nI want to go to the beach during my summer vacation.\n今夜はラーメンが食べたいです。\nI want to eat ramen tonight.\n日本語をもっと勉強したいです。\nI want to study Japanese more.\n週末は映画をみたいです。\nI want to watch a movie on weekends.\n早く結婚したい。\nI want to get married soon.\nあ〜、早く家に帰りたい。\nAh～, I want to go home soon.\n国の家族に会いたいです。\nI want to meet my family in my country.\n韓国語も勉強したいです。\nI want to study Korean.\n今日は家で休みたいです。\nI want to rest at home today.\n将来は日本の会社で働きたいです。\nI want to work in a Japanese company in the future.\n今日はどこへも行きたくないです。\nI don't want to go anywhere today.\nホラー映画は苦手ですから、見たくないです。\nI'm not a fan of scary movies., so I don't want to watch them.\nお金がたくさんあったら、何をしたいですか。\nIf you had a lot of money, what would you like to do?\n\n \n (adsbygoogle = window.adsbygoogle || []).push({});\n\n",
                    {
                        "tag": "a",
                        "href": "https://nihongokyoshi-net.com/2020/02/12/jlptn5-grammar-tai/",
                        "content": "nihongo kyoushi link"
                    }
                ]
            }
        ],
        0,
        "日本語NETーN5文法"
    ],
    [
        "たり",
        "たりたり",
        "・〜たり〜たり",
        "",
        0,
        [
            {
                "type": "structured-content",
                "content": [
                    "【   【JLPT N5】文法・例文：〜たり〜たり   】\n\n\n[意味]\n 複数ある事柄の中から代表的なものを２、３挙げて言う表現。\n\n[英訳]\n V1 and V2 \n\n[接続]\n V1（タ形）+ り +  V2 （タ形）+ り\n\n[JLPT レベル]\n N5\n\n[備考]\n 「たり」１つでも使うことができる。\n\n\n例文\n・土曜日は買い物したり、映画を見たりしました。\n・休みの日は、たいてい家でYouTubeを見たり、音楽を聞いたりしています。\n・今度の夏休みは、花火を見たり、海へ泳ぎにいったりするつもりです。\n・学校生活は遠足があったり、体育祭があったりして、楽しかった。\n・留学中に現地の料理を食べたり、旅行したりしました。\n・今日は宿題をしたり、部屋の掃除をしたり、忙しいです。\n・カフェには勉強する人がいたり、仕事をする人がいたり、色々な人がいます。\n・私は外国人の人と交流したり、外国語を学ぶのが好きです。\n・宿題をしたり、手紙を書いたり、今日はとても忙しかった。\n・見たり、聞いたりして感じたことを話してください。\n類似文型【JLPT N１】文法・\n\n例文\n：〜つ〜つ2019.2.15文型：〜つ〜つ 〜たり〜たり 「〜たり〜たり」の慣用的な表現で、使用場面は限られる。同一場面、同じ時間帯の中で起こっていることを表すので、次のようなのは使えない。 誤用例：明日は勉強しつ、本を読みつするつもりだ。 and V（ます形）+ つ、V（ます形） + つ N1 \n\n例文\n ・どうしても欲しいパソコ...この文型が登場する教科書みんなの日本語　第１９課  みんなの日本語 初級I 第2版 本冊 Amazon 楽天市場 Yahooショッピング 紀伊國屋書店げんき１　第１１課  GENKI: An Integrated Course in Elementary Japanese  I  [Third Edition] 初級日本語げんき[第3版] Kindle Amazon 楽天市場 Yahooショッピングまるごと 日本のことばと文化 初級１ A2 りかい 第１６課  Marugoto: Japanese language and culture Elementary1 A2 Coursebook for communicative language competences \"Rikai\" / まるごと 日本のことばと文化 初級1 A2 りかい (JF Standard coursebook / JF日本語教育スタンダード準拠コースブック) Amazon 楽天市場 Yahooショッピング\n\n類似文型\n【JLPT N１】文法・例文：〜つ〜つ\n",
                    {
                        "tag": "a",
                        "href": "https://nihongokyoshi-net.com/2019/06/18/jlptn5-grammar-taritari/",
                        "content": "nihongo kyoushi link"
                    }
                ]
            }
        ],
        0,
        "日本語NETーN5文法"
    ],
    [
        "とき",
        "とき",
        "・〜とき",
        "",
        0,
        [
            {
                "type": "structured-content",
                "content": [
                    "【   【JLPT N5】文法・例文：〜とき   】\n\n\n[意味]\n 「AときB」Bの状態、動作の時間をAで表す時に使われる。\n「AときB」のAの動詞（V1）の時制は、主文の時制つまり「AときB」のBの動詞の時制（V2）とは関係がない。そのため、英語から日本語訳を考えると、使い方を間違える学生がいるので要注意である。\nV1の時制の考え方はV2がV1より先に行われるか、後に行われるかで決まる。V1がV2より先に行われる場合、V1は過去形（タ形）、V2より後に行われる場合は、V1は現在形（辞書形）になる。\n(例)\n When I leave the classroom, I turn off the light\n 教室を出るとき、電気を消します。\nWhen I enter the classroom, I turn on the light.\n 教室に入った時、電気をつけます。\n\n[英訳]\n when\n\n[接続]\n V（普） + とき\n イAい + とき\n ナAな + とき\n N + のとき\n\n[JLPT レベル]\n N5\n\n \n (adsbygoogle = window.adsbygoogle || []).push({});\n\n\n例文\nV（辞書形）+ ときご飯を食べるとき、「いただきます」といいます。\nWhen we eat, we say \"Itadakimasu\".\n寝るとき、私は電気を消しません。\nWhen I go to bed, I don't turn off the lights.\nコーヒーを飲むとき、砂糖を入れますか。\nWhen you drink coffee, do you put sugar in it?\n学校に来るとき、友達に会いました。\nWhen I came to school, I met my friends.\n学校に行くとき、何で行きますか。\nWhat do you use when you go to school?\n外国へ行くとき、パスポートが必要です。\nWhen people go abroad, they need their passport.\n図書館で本を借りるとき、図書カードが要ります。\nWhen you borrow books in the library, you need a library card.\n道を渡るとき、車に気をつけてください。\nWhen crossing the street, please be careful of cars.\nV（ナイ形）+ ときわらかないときは、早く先生にききましょう。\nWhen you don't understand something, ask the teacher as soon as possible.\n時間がないときは、朝ごはんを食べません。\nWhen I don't have time, I won't eat breakfast.\n来られないときは、連絡してくださいね。\nWhen you can't come, please contact me.\nV（タ形）+ ときご飯を食べたとき、「ごちそうさま」といいます。\nSay \"Gochisosama\" when you have eaten.\n地震が起きたとき、まずは机の下に隠れましょう。\nWhen there is an earthquake, hide under the desk first.\n風邪を引いたとき、薬を飲んで早く寝ます。\nWhen I catch a cold, I take medicine and go to bed early.\nイAい + とき若いとき、友達とよくカラオケに行きました。\nWhen I was young, I often went to karaoke with my friends.\n眠いとき、いつもコーヒーを飲みます。\nWhen I am sleepy, I always drink coffee.\n寂しいとき、Skypeで家族と話します。\nWhen I am lonely, I talk to my family on Skype.\nナAな + とき暇なとき、たいていゲームをします。\nWhen I have free time, I usually play games.\nNの + とき子供のとき、私は野菜が大嫌いでした。\nWhen I was a child, I hated vegetables.\n中学生のとき、よく家族と旅行しました。\nWhen I was in junior high school, I used to travel with my family.\n風邪のときは、早く寝たほうがいいですよ。\nWhen you have a cold, you should go to bed early.\n私は３０歳のとき、結婚しました。\nWhen I was 30 years old, I got married.\n\n \n (adsbygoogle = window.adsbygoogle || []).push({});\n類似文型【JLPT N3】文法・\n\n例文\n：〜際に / 〜際の2018.5.3文型：〜際(に) / 〜際の 〜ときに / 〜の機会に 硬い表現である。そのため、日常会話ではあまり使わない。 「際は」を使う場合、後件には「～ください」が来ることが多い。 when V（辞書形 / タ形） + 際に N + の際に N3 \n\n例文\n ・お帰りの際(に)はお足元にお気をつけください。 ・お...【JLPT N２】文法・\n\n例文\n：〜折に2019.6.5日本語文型「〜折に」の意味・\n\n例文\nを紹介しています。\n\n例文\nには全て英訳が付いています。...\n\n類似文型\n【JLPT N3】文法・例文：〜際に / 〜際の\n【JLPT N２】文法・例文：〜折に\n【教案】みんなの日本語初級１：第２３課\nげんき２ 初級日本語　第１６課\n",
                    {
                        "tag": "a",
                        "href": "https://nihongokyoshi-net.com/2018/06/09/jlptn5-grammar-toki/",
                        "content": "nihongo kyoushi link"
                    }
                ]
            }
        ],
        0,
        "日本語NETーN5文法"
    ],
    [
        "ないで",
        "ないで",
        "・〜ないで",
        "",
        0,
        [
            {
                "type": "structured-content",
                "content": [
                    "【   【JLPT N5】文法・例文：〜ないで   】\n\n\n[意味]\n \n Aをしない状態でBをする。\n \n\n[英訳]\n To do B without doing A\n\n[接続]\n V(ない形) + ないで\nのむ →　のまないで\n たべる → たべないで\n みる → みないで\n\n[JLPT レベル]\n N5\n\n\n例文\n今朝、朝ごはんを食べないで学校に来ました。\nThis morning, I came to school without eating breakfast.\n私は毎日、電気を消さないで寝ます。\nI sleep without turning off the lights every day.\n最近、涼しいので、エアコンをつけないで寝ます。\nI sleep without turning on the air conditioner because it is cooler these days.\n傘を持たないで出かけます。\nI will go out without an umbrella.\nコーヒーに砂糖を入れないで飲みます。\nI drink coffee without sugar.\n宿題をしないで学校に行ったら怒られました。\nI went to school without doing my homework, and my teacher got angry with me.\n昨日、お風呂に入らないで寝てしまった。\nI fell asleep without taking a bath last night.\n友達にもらった本を読まないで売ってしまった。\nI sold the book that my friend gave me without reading it.\n明日は試験なので、今晩は寝ないで勉強します。\nI have an exam tomorrow, so I'm going to study without sleeping tonight.\n熱があったので、お風呂に入らないで寝ました。\nI had a fever, so I went to bed without taking a bath.\n体調が悪いときは、無理しないで休んでください。\nIf you are not feeling well, please rest without straining yourself.\nわからないことがあったら、遠慮しないで聞いてください。\nIf you have any questions, please don't hesitate to ask.\n財布を持たないで来てしまった。\nI came here without my wallet.\n辞書を使わないで、一人でやりました。\nI did not use a dictionary and did the work by myself.\n朝寝坊して急いでいたので、歯磨きをしないで学校に来ちゃった。\nI overslept and was in a hurry, so I came to school without brushing my teeth.\n今日は学校に行かないで、どこに行っていたの？\nWhere did you go without going to school today?\n\n\n類似文型\n関連記事【JLPT N３】文法・例文：〜ずに\n〜ないで\n【教案】みんなの日本語初級２：第３４課\nげんき２ 初級日本語　第２０課\n",
                    {
                        "tag": "a",
                        "href": "https://nihongokyoshi-net.com/2018/04/20/jlptn5-grammar-naide/",
                        "content": "nihongo kyoushi link"
                    }
                ]
            }
        ],
        0,
        "日本語NETーN5文法"
    ],
    [
        "ないでください",
        "ないでください",
        "・〜ないでください",
        "",
        0,
        [
            {
                "type": "structured-content",
                "content": [
                    "【   【JLPT N5】文法・例文：〜ないでください   】\n\n\n[意味]\n \n 何かをしないように指示する表現。\n \n\n[英訳]\n \"please don't do / giving warning not to do\"\n Used to ask someone not to do something.\n \n\n[接続]\n V(ない形) + ないでください\nのむ →　のまないでください\n たべる → たべないでください\n みる → みないでください\n\n[JLPT レベル]\n N5\n\n\n例文\nそちらの絵に触らないでください。\nPlease don't touch that picture.\nそれは売り物ですから、座らないでください。\nIt's for sale, so don't sit on it.\n映画館の中で写真を撮らないでください。\nPlease don't take pictures in the theater.\n後で使いますから、コンピューターの電源は切らないでください。\nPlease don’t  turn off your computer as we will use it later.\nここではタバコを吸わないでください。\nPlease do not smoke in this area.\n動物にエサを与えないでください。\nPlease do not feed the animals.\nここにゴミを捨てないでください。\nPlease do not throw garbage here.\nここに自転車をとめないでください。\nPlease do not park your bicycles here.\n授業中に寝ないでください。\nPlease do not sleep during the class.\nすみません、窓を開けないでください。\nPlease do not open the windows.\n今日はお風呂に入らないでください。\nPlease don't take a bath today.\nちょっと、押さないでくださいよ。\nHey, don't push me.\nそこには入らないでください。\nPlease don't go in there.\n図書館では食べたり、飲んだりしないでください。\nPlease don't eat or drink in the library.\n図書館では、うるさくしないでください。\nPlease don't be noisy in the library.\n\n \n (adsbygoogle = window.adsbygoogle || []).push({});\n文型イラスト〜ないでください2020.7.20日本語の初級文型「〜ないでください」の導入や練習に役立つ絵カードです。 １０枚１2０円で販売します。 購入はnoteでできます。 「〜ないでください）」の絵カードを購入する...この文型が登場する教科書みんなの日本語　第１７課  みんなの日本語 初級I 第2版 本冊 Amazon 楽天市場 Yahooショッピング 紀伊國屋書店【教案】みんなの日本語初級１：第１７課2017.12.3みんなの日本語第１７課の教案です。この課では「ない形」を使った文型を主に教えることになります。「〜なくればなりません」は長いので、少し言いにくいかもしれません。たくさん口頭練習しましょう。...できる日本語　初級　第１０課：バスツアー  できる日本語　初級 Kindle Amazon 楽天市場 Yahooショッピング 紀伊國屋書店まるごと 日本のことばと文化 初級１ A2 りかい 第１５課  Marugoto: Japanese language and culture Elementary1 A2 Coursebook for communicative language competences \"Rikai\" / まるごと 日本のことばと文化 初級1 A2 りかい (JF Standard coursebook / JF日本語教育スタンダード準拠コースブック) Amazon 楽天市場 Yahooショッピング\n\n類似文型\n〜ないでください\n【教案】みんなの日本語初級１：第１７課\n",
                    {
                        "tag": "a",
                        "href": "https://nihongokyoshi-net.com/2019/02/23/jlptn5-grammar-naidekudasai/",
                        "content": "nihongo kyoushi link"
                    }
                ]
            }
        ],
        0,
        "日本語NETーN5文法"
    ],
    [
        "なくてもいい",
        "なくてもいい",
        "・〜なくてもいい",
        "",
        0,
        [
            {
                "type": "structured-content",
                "content": [
                    "【   【JLPT N5】文法・例文：〜なくてもいい   】\n\n\n[意味]\n \n 〜する必要がない。\n \n\n[英訳]\n don't have to\n\n[接続]\n V（ナイ形）ない + くてもいい\n\n[JLPT レベル]\n N5\n\n",
                    {
                        "tag": "a",
                        "href": "https://nihongokyoshi-net.com/2019/09/04/jlptn5-grammar-nakutemoii/",
                        "content": "nihongo kyoushi link"
                    }
                ]
            }
        ],
        0,
        "日本語NETーN5文法"
    ],
    [
        "なければならない",
        "なければならない",
        "・〜なければならない",
        "adj-i",
        0,
        [
            {
                "type": "structured-content",
                "content": [
                    "【   【JLPT N5】文法・例文：〜なければならない   】\n\n\n[意味] 〜する義務がある / 〜する必要がある\n\n[英訳]\n must / have to\n Used when the speaker says that it is necessary to do something or it must be done.\n\n[接続]\n V（ナイ形)ない + ければならない\n \n\n[JLPT レベル]\n N5\n\n[備考]\n 質問文「〜なければなりませんか」に対して、「いいえ」で答える場合「〜なくてもいいです」の文型が使われる。\n\n\n例文\n今日中に本を返さなければなりません。\nI have to return the book by the end of the day.\n飛行機に乗る時はパスポートを見せなければなりません。\nYou have to show your passport when you get on the plane.\n明日は学校でイベントがありますから、８時までに学校に行かなければなりません。\nI have to be at school by 8:00 a.m. because there is an event at the school tomorrow.\nもうすぐテストですから、勉強しなければなりません。\nI have a test coming up soon, so I have to study.\n今日の５時までにレポートを出さなければなりません。\nI have to submit my report by 5:00 today.\n先生、明日までにこの課の漢字を全部覚えなければなりませんか。\nTeacher, do I have to memorize all the kanji in this lesson by tomorrow?\n日本では家に入る時、靴を脱がなければなりません。\nIn Japan, you have to take off your shoes when you enter a house.\n車に乗る時はシートベルトをしなければなりません。\nYou have to wear a seatbelt when you get into a car.\n明日の会議では私が発表しなければなりません。\nI have to make a presentation at the meeting tomorrow.\n仕事がまだ終わらないので、残業しなければなりません。\nI have to work late because my work is not finished yet.\nこの薬を毎日飲まなければならない。\nI have to take this medicine every day.\n\n \n (adsbygoogle = window.adsbygoogle || []).push({});\nこの文型が登場する教科書みんなの日本語　第１７課  みんなの日本語 初級I 第2版 本冊 Amazon 楽天市場 Yahooショッピング 紀伊國屋書店\n",
                    {
                        "tag": "a",
                        "href": "https://nihongokyoshi-net.com/2020/02/06/jlptn5-grammar-nakerebanaranai/",
                        "content": "nihongo kyoushi link"
                    }
                ]
            }
        ],
        0,
        "日本語NETーN5文法"
    ],
    [
        "なければなる",
        "なければならない",
        "・〜なければならない",
        "v5",
        0,
        [
            {
                "type": "structured-content",
                "content": [
                    "【   【JLPT N5】文法・例文：〜なければならない   】\n\n\n[意味] 〜する義務がある / 〜する必要がある\n\n[英訳]\n must / have to\n Used when the speaker says that it is necessary to do something or it must be done.\n\n[接続]\n V（ナイ形)ない + ければならない\n \n\n[JLPT レベル]\n N5\n\n[備考]\n 質問文「〜なければなりませんか」に対して、「いいえ」で答える場合「〜なくてもいいです」の文型が使われる。\n\n\n例文\n今日中に本を返さなければなりません。\nI have to return the book by the end of the day.\n飛行機に乗る時はパスポートを見せなければなりません。\nYou have to show your passport when you get on the plane.\n明日は学校でイベントがありますから、８時までに学校に行かなければなりません。\nI have to be at school by 8:00 a.m. because there is an event at the school tomorrow.\nもうすぐテストですから、勉強しなければなりません。\nI have a test coming up soon, so I have to study.\n今日の５時までにレポートを出さなければなりません。\nI have to submit my report by 5:00 today.\n先生、明日までにこの課の漢字を全部覚えなければなりませんか。\nTeacher, do I have to memorize all the kanji in this lesson by tomorrow?\n日本では家に入る時、靴を脱がなければなりません。\nIn Japan, you have to take off your shoes when you enter a house.\n車に乗る時はシートベルトをしなければなりません。\nYou have to wear a seatbelt when you get into a car.\n明日の会議では私が発表しなければなりません。\nI have to make a presentation at the meeting tomorrow.\n仕事がまだ終わらないので、残業しなければなりません。\nI have to work late because my work is not finished yet.\nこの薬を毎日飲まなければならない。\nI have to take this medicine every day.\n\n \n (adsbygoogle = window.adsbygoogle || []).push({});\nこの文型が登場する教科書みんなの日本語　第１７課  みんなの日本語 初級I 第2版 本冊 Amazon 楽天市場 Yahooショッピング 紀伊國屋書店\n",
                    {
                        "tag": "a",
                        "href": "https://nihongokyoshi-net.com/2020/02/06/jlptn5-grammar-nakerebanaranai/",
                        "content": "nihongo kyoushi link"
                    }
                ]
            }
        ],
        0,
        "日本語NETーN5文法"
    ],
    [
        "なる",
        "なる",
        "・〜なる",
        "v5",
        0,
        [
            {
                "type": "structured-content",
                "content": [
                    "【   【JLPT N５】文法・例文：〜なる   】\n\n\n[意味]\n 状態の変化を表す。Aという状態が変わり、Bという状態に変化する。\n\n[英訳]\n become\n\n[接続]\n イAく ＋ なる\n ナAに + なる\n Nに + なる\n\n[JLPT レベル]\n N5\n\n\n類似文型\n教案【教案】みんなの日本語初級１：第１９課\n",
                    {
                        "tag": "a",
                        "href": "https://nihongokyoshi-net.com/2019/03/13/jlptn5-grammar-naru/",
                        "content": "nihongo kyoushi link"
                    }
                ]
            }
        ],
        0,
        "日本語NETーN5文法"
    ],
    [
        "に行く",
        "にいく",
        "・（目的）に行く / 来る / 帰る",
        "v5",
        0,
        [
            {
                "type": "structured-content",
                "content": [
                    "【   【JLPT N5】文法・例文：（目的）に行く / 来る / 帰る   】\n\n\n[意味]\n \n その場所へ行く目的を表す。\n \n\n[英訳]\n \"go/come/go home (place) to do ~\"\n Used to indicate the purpose of going to a specific place.\n\n[接続]\n N（場所）へ +  V（ます形）ます　+ に行きます / 来ます / 帰ります\n N1（場所）へ +  N2　+ に行きます / 来ます / 帰ります  ※N2はする動詞のN\n\n[JLPT レベル]\n N5\n\n\n例文\n1. Vにいきますコンビニへ水を買いに行きます。\nI'm going to the convenience store to buy some water.\n昨日、デパートへ服を買いに行きました。\nYesterday, I went to a department store to buy clothes.\nモールへ映画を見に行きます。\nI'm going to the mall to watch a movie. \n図書館へ本を借りに行きます。\nI am going to the library to check out some books.\n家へ忘れ物を取りに帰ります。\nI'm going home to get something I forgot.\n郵便局へ手紙を出しに行きます。\nI am going to the post office to send a letter.\n京都へ友達に会いに行きます。\nI will go to Kyoto to see my friends.\n動物園へパンダを見に行きます。\nI will go to the zoo to see the pandas.\n食堂へ昼ご飯を食べに行きます。\nI will go to the cafeteria/canteen to have lunch.\n美容院へ髪を切りに行きます。\nI will go to the hair salon to get my hair cut.\n山へ写真を撮りに行きます。\nI will go to the mountains to take pictures.\n海へ泳ぎに行きます。\nI'm going to go swimming in the sea.\n日本へ何をしに来ましたか。\nWhat did you come to Japan to do?\n昨日誰とご飯を食べに行ったの？\nWho did you go out to eat with yesterday?\n\n \n (adsbygoogle = window.adsbygoogle || []).push({});\n2. Nにいきます明日、デパートへ買い物に行きます。\nI'm going shopping at a department store tomorrow.\nレストランへ食事に行きます。\nI'm going to have a meal at a restaurant.\n川へ釣りに行きます。\nI'm going fishing in the river.\n公園へ花見に行きます。\nI'm going to the park to see cherry blossoms.\nアメリカへ出張に行きます。\nI am going on a business trip to America.\n日本へ日本語の勉強に来ました。\nI am coming to Japan to study Japanese.\n公園へ散歩に行きます。\nI'm going for a walk in the park.\n京都へ旅行に行きます。\nI will go on a trip to Kyoto.\nよくどこへ買い物に行きますか。\nWhere do you often go to shop?\n\n \n (adsbygoogle = window.adsbygoogle || []).push({});\n\n",
                    {
                        "tag": "a",
                        "href": "https://nihongokyoshi-net.com/2019/12/10/jlptn5-grammar-niikimasu/",
                        "content": "nihongo kyoushi link"
                    }
                ]
            }
        ],
        0,
        "日本語NETーN5文法"
    ],
    [
        "来る",
        "くる",
        "・（目的）に行く / 来る / 帰る",
        "vk",
        0,
        [
            {
                "type": "structured-content",
                "content": [
                    "【   【JLPT N5】文法・例文：（目的）に行く / 来る / 帰る   】\n\n\n[意味]\n \n その場所へ行く目的を表す。\n \n\n[英訳]\n \"go/come/go home (place) to do ~\"\n Used to indicate the purpose of going to a specific place.\n\n[接続]\n N（場所）へ +  V（ます形）ます　+ に行きます / 来ます / 帰ります\n N1（場所）へ +  N2　+ に行きます / 来ます / 帰ります  ※N2はする動詞のN\n\n[JLPT レベル]\n N5\n\n\n例文\n1. Vにいきますコンビニへ水を買いに行きます。\nI'm going to the convenience store to buy some water.\n昨日、デパートへ服を買いに行きました。\nYesterday, I went to a department store to buy clothes.\nモールへ映画を見に行きます。\nI'm going to the mall to watch a movie. \n図書館へ本を借りに行きます。\nI am going to the library to check out some books.\n家へ忘れ物を取りに帰ります。\nI'm going home to get something I forgot.\n郵便局へ手紙を出しに行きます。\nI am going to the post office to send a letter.\n京都へ友達に会いに行きます。\nI will go to Kyoto to see my friends.\n動物園へパンダを見に行きます。\nI will go to the zoo to see the pandas.\n食堂へ昼ご飯を食べに行きます。\nI will go to the cafeteria/canteen to have lunch.\n美容院へ髪を切りに行きます。\nI will go to the hair salon to get my hair cut.\n山へ写真を撮りに行きます。\nI will go to the mountains to take pictures.\n海へ泳ぎに行きます。\nI'm going to go swimming in the sea.\n日本へ何をしに来ましたか。\nWhat did you come to Japan to do?\n昨日誰とご飯を食べに行ったの？\nWho did you go out to eat with yesterday?\n\n \n (adsbygoogle = window.adsbygoogle || []).push({});\n2. Nにいきます明日、デパートへ買い物に行きます。\nI'm going shopping at a department store tomorrow.\nレストランへ食事に行きます。\nI'm going to have a meal at a restaurant.\n川へ釣りに行きます。\nI'm going fishing in the river.\n公園へ花見に行きます。\nI'm going to the park to see cherry blossoms.\nアメリカへ出張に行きます。\nI am going on a business trip to America.\n日本へ日本語の勉強に来ました。\nI am coming to Japan to study Japanese.\n公園へ散歩に行きます。\nI'm going for a walk in the park.\n京都へ旅行に行きます。\nI will go on a trip to Kyoto.\nよくどこへ買い物に行きますか。\nWhere do you often go to shop?\n\n \n (adsbygoogle = window.adsbygoogle || []).push({});\n\n",
                    {
                        "tag": "a",
                        "href": "https://nihongokyoshi-net.com/2019/12/10/jlptn5-grammar-niikimasu/",
                        "content": "nihongo kyoushi link"
                    }
                ]
            }
        ],
        0,
        "日本語NETーN5文法"
    ],
    [
        "帰る",
        "かえる",
        "・（目的）に行く / 来る / 帰る",
        "v5",
        0,
        [
            {
                "type": "structured-content",
                "content": [
                    "【   【JLPT N5】文法・例文：（目的）に行く / 来る / 帰る   】\n\n\n[意味]\n \n その場所へ行く目的を表す。\n \n\n[英訳]\n \"go/come/go home (place) to do ~\"\n Used to indicate the purpose of going to a specific place.\n\n[接続]\n N（場所）へ +  V（ます形）ます　+ に行きます / 来ます / 帰ります\n N1（場所）へ +  N2　+ に行きます / 来ます / 帰ります  ※N2はする動詞のN\n\n[JLPT レベル]\n N5\n\n\n例文\n1. Vにいきますコンビニへ水を買いに行きます。\nI'm going to the convenience store to buy some water.\n昨日、デパートへ服を買いに行きました。\nYesterday, I went to a department store to buy clothes.\nモールへ映画を見に行きます。\nI'm going to the mall to watch a movie. \n図書館へ本を借りに行きます。\nI am going to the library to check out some books.\n家へ忘れ物を取りに帰ります。\nI'm going home to get something I forgot.\n郵便局へ手紙を出しに行きます。\nI am going to the post office to send a letter.\n京都へ友達に会いに行きます。\nI will go to Kyoto to see my friends.\n動物園へパンダを見に行きます。\nI will go to the zoo to see the pandas.\n食堂へ昼ご飯を食べに行きます。\nI will go to the cafeteria/canteen to have lunch.\n美容院へ髪を切りに行きます。\nI will go to the hair salon to get my hair cut.\n山へ写真を撮りに行きます。\nI will go to the mountains to take pictures.\n海へ泳ぎに行きます。\nI'm going to go swimming in the sea.\n日本へ何をしに来ましたか。\nWhat did you come to Japan to do?\n昨日誰とご飯を食べに行ったの？\nWho did you go out to eat with yesterday?\n\n \n (adsbygoogle = window.adsbygoogle || []).push({});\n2. Nにいきます明日、デパートへ買い物に行きます。\nI'm going shopping at a department store tomorrow.\nレストランへ食事に行きます。\nI'm going to have a meal at a restaurant.\n川へ釣りに行きます。\nI'm going fishing in the river.\n公園へ花見に行きます。\nI'm going to the park to see cherry blossoms.\nアメリカへ出張に行きます。\nI am going on a business trip to America.\n日本へ日本語の勉強に来ました。\nI am coming to Japan to study Japanese.\n公園へ散歩に行きます。\nI'm going for a walk in the park.\n京都へ旅行に行きます。\nI will go on a trip to Kyoto.\nよくどこへ買い物に行きますか。\nWhere do you often go to shop?\n\n \n (adsbygoogle = window.adsbygoogle || []).push({});\n\n",
                    {
                        "tag": "a",
                        "href": "https://nihongokyoshi-net.com/2019/12/10/jlptn5-grammar-niikimasu/",
                        "content": "nihongo kyoushi link"
                    }
                ]
            }
        ],
        0,
        "日本語NETーN5文法"
    ],
    [
        "はどうですか",
        "はどうですか",
        "・〜はどうですか",
        "",
        0,
        [
            {
                "type": "structured-content",
                "content": [
                    "【   【JLPT N5】文法・例文：〜はどうですか   】\n\n\n[意味]\n 相手に意見や印象、感想など聞く時に使う。\n\n[英訳]\n \"How about / How is\"\n Used to ask about the listener’s impression or opinion.\n \n\n[接続]\n N + はどうですか\n\n[JLPT レベル]\n N5\n\n\n例文\n日本料理はどうですか。美味しいですか。\nHow is Japanese cuisine? Is it tasty?\n映画はどうでしたか。面白かったですか。\nHow was the movie? Was it interesting?\n旅行はどうでしたか。楽しかったですか。\nHow was your trip? Was it fun?\n日本の生活はどうですか。\nHow is life in Japan?\n仕事はどうですか。\nHow are you doing these days?\n最近どう？\nHow are you doing these days?\n調子はどうですか。\nHow are you doing?\n日本語の勉強はどうですか。\nHow is your Japanese study?\n日本のトイレはどうですか。\nHow are the toilets in Japan?\n学校はどうですか。楽しいですか。\nHow is school? Is it fun?\n僕の日本語はどう？ 間違ってない？\nHow is my Japanese? Is it correct?\n日本の電車はどうですか。\nHow is the train in Japan?\nこの文型が登場する教科書みんなの日本語　第８課  みんなの日本語 初級I 第2版 本冊 Amazon 楽天市場 Yahooショッピング 紀伊國屋書店\n",
                    {
                        "tag": "a",
                        "href": "https://nihongokyoshi-net.com/2019/12/13/jlptn5-grammar-wadoudesuka/",
                        "content": "nihongo kyoushi link"
                    }
                ]
            }
        ],
        0,
        "日本語NETーN5文法"
    ],
    [
        "前に",
        "まえに",
        "・〜前に",
        "",
        0,
        [
            {
                "type": "structured-content",
                "content": [
                    "【   【JLPT N5】文法・例文：〜前に   】\n\n\n[意味]\n ２つの行為のうち、どちらを先に行うかを表す時に使う表現。\n\n[英訳]\n \"before\"\n An expression used to indicate which of two actions should be done first.\n\n[接続]\n V（辞書形）+ 前に\n N + の前に\n N（期間） + 前に\n\n[JLPT レベル]\n N5\n\n[備考]\n 昨日、今日、去年、今年、先月などの数字を伴わない時間表現には使えない。\n\n\n類似文型\n【教案】みんなの日本語初級１：第１８課\nげんき２ 初級日本語　第１７課\n",
                    {
                        "tag": "a",
                        "href": "https://nihongokyoshi-net.com/2019/04/15/jlptn5-grammar-maeni/",
                        "content": "nihongo kyoushi link"
                    }
                ]
            }
        ],
        0,
        "日本語NETーN5文法"
    ],
    [
        "ましょう",
        "ましょう",
        "・〜ましょう",
        "",
        0,
        [
            {
                "type": "structured-content",
                "content": [
                    "【   【JLPT N5】文法・例文：〜ましょう   】\n\n\n[意味]\n ①一緒に何かをするよう誘う表現（Let's）\n ②誘いを受け入れる返事をする時にも使われる表現(例)\n A：今晩、飲みに行きませんか。B：行きましょう。\n\n[英訳]① An expression to invite someone to do something together.\n ② Also used to reply to an invitation.\n\n[接続]\n V（ます形）ます  + しょう\n[JLPTレベル]\n N5\n\n",
                    {
                        "tag": "a",
                        "href": "https://nihongokyoshi-net.com/2017/12/05/jlptn5-grammar-masho/",
                        "content": "nihongo kyoushi link"
                    }
                ]
            }
        ],
        0,
        "日本語NETーN5文法"
    ],
    [
        "ましょうか",
        "ましょうか",
        "・〜ましょうか",
        "",
        0,
        [
            {
                "type": "structured-content",
                "content": [
                    "【   【JLPT N5】文法・例文：〜ましょうか   】\n\n\n[意味]\n \n 手伝いを申し出る表現。\n \n\n[英訳]\n \"Shall I ~ ?\"\n Used to offer to help for the listener.\n\n[接続]\n V(ます形)ます + しょうか\n\n[JLPT レベル]\n N5\n\n\n例文\n荷物を持ちましょうか。\nShall I carry your luggage?\n傘を貸しましょうか。\nShall I lend you an umbrella?\nタクシーを呼びましょうか。\nShall I call a cab?\nエアコンを消しましょうか。\nShall I turn off the air conditioner?\nエアコンをつけましょうか。\nShall I turn on the air conditioner?\n写真を撮りましょうか。\nShall I take a picture?\n塩を取りましょうか。\nShall I pass you the salt?\nドアを開けましょうか。\nShall I open the door?\nコピーしましょうか。\nShall I make a copy?\n駅まで迎えに行きましょうか。\nShall I pick you up at the station?\n手伝いましょうか。\nShall I help you?\n私が教えましょうか。\nShall I teach you?\n\n \n (adsbygoogle = window.adsbygoogle || []).push({});\n\n\n類似文型\nVましょうか\n",
                    {
                        "tag": "a",
                        "href": "https://nihongokyoshi-net.com/2019/08/07/jlptn5-grammar-mashouka/",
                        "content": "nihongo kyoushi link"
                    }
                ]
            }
        ],
        0,
        "日本語NETーN5文法"
    ],
    [
        "ませんか",
        "ませんか",
        "・〜ませんか",
        "",
        0,
        [
            {
                "type": "structured-content",
                "content": [
                    "【   【JLPT N5】文法・例文：〜ませんか   】\n\n\n[意味]\n \n 相手を誘う表現\n \n\n[英訳]\n \"Would you like to 〜 ? / Do you want to 〜 ?\"\n Used to invite someone to do something.\n\n[接続]\n V(ます形)ます + せんか\n\n[JLPT レベル]\n N5\n\n[備考]\n 「一緒に」とセットで使うことが多い。\n\n\n例文\n週末、一緒に映画を見ませんか。\nWould you like to watch a movie together this weekend?\n今晩、一緒に食事しませんか。\nWould you like to have dinner with me tonight?\n一緒に帰りませんか。\nWould you like to go home together?\n一緒に図書館で勉強しませんか。\nWould you like to study at the library with me?\nこれから、一緒にカフェに行きませんか。\nWould you like to go to a cafe with me now?\n夏休み、みんなで海に行きませんか。\nWhy don't we all go to the beach together during the summer vacation?\nコンサートのチケットをもらったんですが、一緒に見ませんか。\nI got a ticket to a concert, would you like to see it with me?\n一緒に花火大会に行きませんか。\nWhy don't we go to the fireworks festival together?\n今度の日曜日、交流会に参加しませんか。\nWhy don't you join us for a social event this Sunday?\n\n\n類似文型\n〜ませんか\n",
                    {
                        "tag": "a",
                        "href": "https://nihongokyoshi-net.com/2019/12/14/jlptn5-grammar-masenka/",
                        "content": "nihongo kyoushi link"
                    }
                ]
            }
        ],
        0,
        "日本語NETーN5文法"
    ],
    [
        "もう",
        "もう",
        "・もう〜した",
        "",
        0,
        [
            {
                "type": "structured-content",
                "content": [
                    "【   【JLPT N5】文法・例文：もう〜した   】\n\n\n[意味]\n \n 動作や出来事の完了を表す。\n \n\n[英訳]\n \"already done\"\n Indicates the completion of an action or event.\n\n[接続]\n V（肯定形 + 過去形）\n\n[JLPT レベル]\n N5\n\n[備考]\n 「もう〜ましたか？」の質問にまだ完了していないことを述べる場合は「いいえ、まだです」や「いいえ、まだ〜ていません」の形で答える。\n\n",
                    {
                        "tag": "a",
                        "href": "https://nihongokyoshi-net.com/2020/02/21/jlptn5-grammar-mou-mashita/",
                        "content": "nihongo kyoushi link"
                    }
                ]
            }
        ],
        0,
        "日本語NETーN5文法"
    ],
    [
        "をください",
        "をください",
        "・〜をください",
        "",
        0,
        [
            {
                "type": "structured-content",
                "content": [
                    "【   【JLPT N5】文法・例文：〜をください   】\n\n\n[意味]\n \n 依頼表現。\n レストランで注文する時や、お店で商品する時などに使う。\n\n[英訳]\n \"please give me 〜\"\n A request expression. Used when ordering something at a restaurant, or when buying something at a store.\n\n[接続]\n N + をください\n\n[JLPT レベル]\n N5\n\n",
                    {
                        "tag": "a",
                        "href": "https://nihongokyoshi-net.com/2020/02/27/jlptn5-grammar-wokudasai/",
                        "content": "nihongo kyoushi link"
                    }
                ]
            }
        ],
        0,
        "日本語NETーN5文法"
    ]
]